id,comment
1,"Mình ghé quán không gian sạch sẽ, ngồi khá thoải mái, nếu cải thiện thêm thì sẽ tốt hơn."
2,"Lần đầu ăn ở đây nước dùng đậm đà, thơm và dễ ăn, đáng để thử một lần."
3,"Bữa tối hôm qua quán giữ vệ sinh tốt, bàn được dọn nhanh, trải nghiệm chưa thật sự trọn vẹn."
4,"Đi cùng bạn bè mùi vị ổn định, hợp để quay lại, cảm giác hơi tiếc vì kỳ vọng cao hơn."
5,"Đặt món mang về nhân viên phản hồi chậm khi khách gọi, mình sẽ quay lại khi có dịp."
6,"Không gian quán đồ ăn nguội, không giống kỳ vọng, nếu cải thiện thêm thì sẽ tốt hơn."
7,"Nhân viên nước uống nhạt, đá nhiều hơn nước, đáng để thử một lần."
8,"Món chính nước chấm ngon nhưng rau ăn kèm chưa tươi lắm, trải nghiệm chưa thật sự trọn vẹn."
9,"Phần ăn nhân viên dễ thương nhưng quán khá ồn, cảm giác hơi tiếc vì kỳ vọng cao hơn."
10,"Nước chấm đồ ăn ngon và lên món khá nhanh, mình sẽ quay lại khi có dịp."
11,"Đồ uống không gian sạch sẽ, ngồi khá thoải mái, nếu cải thiện thêm thì sẽ tốt hơn."
12,"Bàn ghế nước dùng đậm đà, thơm và dễ ăn, đáng để thử một lần."
13,"Khu vực gửi xe quán giữ vệ sinh tốt, bàn được dọn nhanh, trải nghiệm chưa thật sự trọn vẹn. Món mình gọi là món bán chạy của quán."
14,"Chi nhánh này mùi vị ổn định, hợp để quay lại, cảm giác hơi tiếc vì kỳ vọng cao hơn."
15,"Quán gần nhà mình đồ ăn nguội, không giống kỳ vọng, mình sẽ quay lại khi có dịp."
16,"Hôm nay gọi món nước uống nhạt, đá nhiều hơn nước, nếu cải thiện thêm thì sẽ tốt hơn."
17,"Trải nghiệm lần này nhân viên phản hồi chậm khi khách gọi, đáng để thử một lần. Đi giờ cao điểm nên quán khá đông."
18,"Tổng thể nước chấm ngon nhưng rau ăn kèm chưa tươi lắm, trải nghiệm chưa thật sự trọn vẹn."
19,"So với lần trước nhân viên dễ thương nhưng quán khá ồn, cảm giác hơi tiếc vì kỳ vọng cao hơn. Nhân viên có xin lỗi khi mình góp ý."
20,"Quán này đồ ăn ngon và lên món khá nhanh, mình sẽ quay lại khi có dịp."
21,"Mình ghé quán không gian sạch sẽ, ngồi khá thoải mái, nếu cải thiện thêm thì sẽ tốt hơn."
22,"Lần đầu ăn ở đây nước dùng đậm đà, thơm và dễ ăn, đáng để thử một lần."
23,"Bữa tối hôm qua quán giữ vệ sinh tốt, bàn được dọn nhanh, trải nghiệm chưa thật sự trọn vẹn. Không gian hợp để ngồi ăn nhanh."
24,"Đi cùng bạn bè mùi vị ổn định, hợp để quay lại, cảm giác hơi tiếc vì kỳ vọng cao hơn."
25,"Đặt món mang về nước uống nhạt, đá nhiều hơn nước, mình sẽ quay lại khi có dịp."
26,"Không gian quán nhân viên phản hồi chậm khi khách gọi, nếu cải thiện thêm thì sẽ tốt hơn. Món mình gọi là món bán chạy của quán."
27,"Nhân viên đồ ăn nguội, không giống kỳ vọng, đáng để thử một lần."
28,"Món chính nước chấm ngon nhưng rau ăn kèm chưa tươi lắm, trải nghiệm chưa thật sự trọn vẹn."
29,"Phần ăn nhân viên dễ thương nhưng quán khá ồn, cảm giác hơi tiếc vì kỳ vọng cao hơn."
30,"Nước chấm đồ ăn ngon và lên món khá nhanh, mình sẽ quay lại khi có dịp."
31,"Đồ uống không gian sạch sẽ, ngồi khá thoải mái, nếu cải thiện thêm thì sẽ tốt hơn."
32,"Bàn ghế nước dùng đậm đà, thơm và dễ ăn, đáng để thử một lần."
33,"Khu vực gửi xe quán giữ vệ sinh tốt, bàn được dọn nhanh, trải nghiệm chưa thật sự trọn vẹn."
34,"Chi nhánh này mùi vị ổn định, hợp để quay lại, cảm giác hơi tiếc vì kỳ vọng cao hơn. Đi giờ cao điểm nên quán khá đông."
35,"Quán gần nhà mình nhân viên phản hồi chậm khi khách gọi, mình sẽ quay lại khi có dịp."
36,"Hôm nay gọi món đồ ăn nguội, không giống kỳ vọng, nếu cải thiện thêm thì sẽ tốt hơn."
37,"Trải nghiệm lần này nước uống nhạt, đá nhiều hơn nước, đáng để thử một lần."
38,"Tổng thể nước chấm ngon nhưng rau ăn kèm chưa tươi lắm, trải nghiệm chưa thật sự trọn vẹn. Nhân viên có xin lỗi khi mình góp ý."
39,"So với lần trước nhân viên dễ thương nhưng quán khá ồn, cảm giác hơi tiếc vì kỳ vọng cao hơn. Món mình gọi là món bán chạy của quán."
40,"Quán này đồ ăn ngon và lên món khá nhanh, mình sẽ quay lại khi có dịp."
41,"Mình ghé quán không gian sạch sẽ, ngồi khá thoải mái, nếu cải thiện thêm thì sẽ tốt hơn."
42,"Lần đầu ăn ở đây nước dùng đậm đà, thơm và dễ ăn, đáng để thử một lần."
43,"Bữa tối hôm qua quán giữ vệ sinh tốt, bàn được dọn nhanh, trải nghiệm chưa thật sự trọn vẹn."
44,"Đi cùng bạn bè mùi vị ổn định, hợp để quay lại, cảm giác hơi tiếc vì kỳ vọng cao hơn."
45,"Đặt món mang về đồ ăn nguội, không giống kỳ vọng, mình sẽ quay lại khi có dịp."
46,"Không gian quán nước uống nhạt, đá nhiều hơn nước, nếu cải thiện thêm thì sẽ tốt hơn. Không gian hợp để ngồi ăn nhanh."
47,"Nhân viên nhân viên phản hồi chậm khi khách gọi, đáng để thử một lần."
48,"Món chính nước chấm ngon nhưng rau ăn kèm chưa tươi lắm, trải nghiệm chưa thật sự trọn vẹn."
49,"Phần ăn nhân viên dễ thương nhưng quán khá ồn, cảm giác hơi tiếc vì kỳ vọng cao hơn."
50,"Nước chấm đồ ăn ngon và lên món khá nhanh, mình sẽ quay lại khi có dịp."
51,"Đồ uống không gian sạch sẽ, ngồi khá thoải mái, nếu cải thiện thêm thì sẽ tốt hơn. Đi giờ cao điểm nên quán khá đông."
52,"Bàn ghế nước dùng đậm đà, thơm và dễ ăn, đáng để thử một lần. Món mình gọi là món bán chạy của quán."
53,"Khu vực gửi xe quán giữ vệ sinh tốt, bàn được dọn nhanh, trải nghiệm chưa thật sự trọn vẹn."
54,"Chi nhánh này mùi vị ổn định, hợp để quay lại, cảm giác hơi tiếc vì kỳ vọng cao hơn."
55,"Quán gần nhà mình nước uống nhạt, đá nhiều hơn nước, mình sẽ quay lại khi có dịp."
56,"Hôm nay gọi món nhân viên phản hồi chậm khi khách gọi, nếu cải thiện thêm thì sẽ tốt hơn."
57,"Trải nghiệm lần này đồ ăn nguội, không giống kỳ vọng, đáng để thử một lần. Nhân viên có xin lỗi khi mình góp ý."
58,"Tổng thể nước chấm ngon nhưng rau ăn kèm chưa tươi lắm, trải nghiệm chưa thật sự trọn vẹn."
59,"So với lần trước nhân viên dễ thương nhưng quán khá ồn, cảm giác hơi tiếc vì kỳ vọng cao hơn."
60,"Quán này đồ ăn ngon và lên món khá nhanh, mình sẽ quay lại khi có dịp."
61,"Mình ghé quán không gian sạch sẽ, ngồi khá thoải mái, nếu cải thiện thêm thì sẽ tốt hơn."
62,"Lần đầu ăn ở đây nước dùng đậm đà, thơm và dễ ăn, đáng để thử một lần."
63,"Bữa tối hôm qua quán giữ vệ sinh tốt, bàn được dọn nhanh, trải nghiệm chưa thật sự trọn vẹn."
64,"Đi cùng bạn bè mùi vị ổn định, hợp để quay lại, cảm giác hơi tiếc vì kỳ vọng cao hơn."
65,"Đặt món mang về nhân viên phản hồi chậm khi khách gọi, mình sẽ quay lại khi có dịp. Món mình gọi là món bán chạy của quán."
66,"Không gian quán đồ ăn nguội, không giống kỳ vọng, nếu cải thiện thêm thì sẽ tốt hơn."
67,"Nhân viên nước uống nhạt, đá nhiều hơn nước, đáng để thử một lần."
68,"Món chính nước chấm ngon nhưng rau ăn kèm chưa tươi lắm, trải nghiệm chưa thật sự trọn vẹn. Đi giờ cao điểm nên quán khá đông."
69,"Phần ăn nhân viên dễ thương nhưng quán khá ồn, cảm giác hơi tiếc vì kỳ vọng cao hơn. Không gian hợp để ngồi ăn nhanh."
70,"Nước chấm đồ ăn ngon và lên món khá nhanh, mình sẽ quay lại khi có dịp."
71,"Đồ uống không gian sạch sẽ, ngồi khá thoải mái, nếu cải thiện thêm thì sẽ tốt hơn."
72,"Bàn ghế nước dùng đậm đà, thơm và dễ ăn, đáng để thử một lần."
73,"Khu vực gửi xe quán giữ vệ sinh tốt, bàn được dọn nhanh, trải nghiệm chưa thật sự trọn vẹn."
74,"Chi nhánh này mùi vị ổn định, hợp để quay lại, cảm giác hơi tiếc vì kỳ vọng cao hơn."
75,"Quán gần nhà mình đồ ăn nguội, không giống kỳ vọng, mình sẽ quay lại khi có dịp."
76,"Hôm nay gọi món nước uống nhạt, đá nhiều hơn nước, nếu cải thiện thêm thì sẽ tốt hơn. Nhân viên có xin lỗi khi mình góp ý."
77,"Trải nghiệm lần này nhân viên phản hồi chậm khi khách gọi, đáng để thử một lần."
78,"Tổng thể nước chấm ngon nhưng rau ăn kèm chưa tươi lắm, trải nghiệm chưa thật sự trọn vẹn. Món mình gọi là món bán chạy của quán."
79,"So với lần trước nhân viên dễ thương nhưng quán khá ồn, cảm giác hơi tiếc vì kỳ vọng cao hơn."
80,"Quán này đồ ăn ngon và lên món khá nhanh, mình sẽ quay lại khi có dịp."
81,"Mình ghé quán không gian sạch sẽ, ngồi khá thoải mái, nếu cải thiện thêm thì sẽ tốt hơn."
82,"Lần đầu ăn ở đây nước dùng đậm đà, thơm và dễ ăn, đáng để thử một lần."
83,"Bữa tối hôm qua quán giữ vệ sinh tốt, bàn được dọn nhanh, trải nghiệm chưa thật sự trọn vẹn."
84,"Đi cùng bạn bè mùi vị ổn định, hợp để quay lại, cảm giác hơi tiếc vì kỳ vọng cao hơn."
85,"Đặt món mang về nước uống nhạt, đá nhiều hơn nước, mình sẽ quay lại khi có dịp. Đi giờ cao điểm nên quán khá đông."
86,"Không gian quán nhân viên phản hồi chậm khi khách gọi, nếu cải thiện thêm thì sẽ tốt hơn."
87,"Nhân viên đồ ăn nguội, không giống kỳ vọng, đáng để thử một lần."
88,"Món chính nước chấm ngon nhưng rau ăn kèm chưa tươi lắm, trải nghiệm chưa thật sự trọn vẹn."
89,"Phần ăn nhân viên dễ thương nhưng quán khá ồn, cảm giác hơi tiếc vì kỳ vọng cao hơn."
90,"Nước chấm đồ ăn ngon và lên món khá nhanh, mình sẽ quay lại khi có dịp."
91,"Đồ uống không gian sạch sẽ, ngồi khá thoải mái, nếu cải thiện thêm thì sẽ tốt hơn. Món mình gọi là món bán chạy của quán."
92,"Bàn ghế nước dùng đậm đà, thơm và dễ ăn, đáng để thử một lần. Không gian hợp để ngồi ăn nhanh."
93,"Khu vực gửi xe quán giữ vệ sinh tốt, bàn được dọn nhanh, trải nghiệm chưa thật sự trọn vẹn."
94,"Chi nhánh này mùi vị ổn định, hợp để quay lại, cảm giác hơi tiếc vì kỳ vọng cao hơn."
95,"Quán gần nhà mình nhân viên phản hồi chậm khi khách gọi, mình sẽ quay lại khi có dịp. Nhân viên có xin lỗi khi mình góp ý."
96,"Hôm nay gọi món đồ ăn nguội, không giống kỳ vọng, nếu cải thiện thêm thì sẽ tốt hơn."
97,"Trải nghiệm lần này nước uống nhạt, đá nhiều hơn nước, đáng để thử một lần."
98,"Tổng thể nước chấm ngon nhưng rau ăn kèm chưa tươi lắm, trải nghiệm chưa thật sự trọn vẹn."
99,"So với lần trước nhân viên dễ thương nhưng quán khá ồn, cảm giác hơi tiếc vì kỳ vọng cao hơn."
100,"Quán này đồ ăn ngon và lên món khá nhanh, mình sẽ quay lại khi có dịp."
